{
  "metadata": {
    "filename": "temp_full_SSYouTube.online_How Being Bold Will Change Your Life   Gregory Russell Benedikt  TEDxSan Diego Studio_720p.mp4",
    "fps": 29.97,
    "resolution": [
      1280,
      720
    ],
    "duration_sec": 481.58,
    "frame_count": 14433
  },
  "gaze": {
    "center_ratio": 0.067,
    "distribution": {
      "left": 0.0,
      "center": 0.815,
      "right": 0.185
    },
    "movement_rate_per_sec": 0.18,
    "trace_sample": [
      [
        0.39272479712963104,
        0.32913847267627716
      ],
      [
        0.5567521452903748,
        0.4100816249847412
      ],
      [
        0.6385411620140076,
        0.5398021042346954
      ],
      [
        0.6763359010219574,
        0.5937110632658005
      ],
      [
        0.5540305078029633,
        0.5439394414424896
      ],
      [
        0.5368545353412628,
        0.40199388563632965
      ],
      [
        0.5497538447380066,
        0.43297819793224335
      ],
      [
        0.5922447144985199,
        0.5242186486721039
      ],
      [
        0.48384232819080353,
        0.6218567192554474
      ],
      [
        0.5776569843292236,
        0.5334021151065826
      ],
      [
        0.5020805299282074,
        0.4276290237903595
      ],
      [
        0.6438139379024506,
        0.5396657735109329
      ],
      [
        0.595139890909195,
        0.5303713977336884
      ],
      [
        0.6140847206115723,
        0.6214775145053864
      ],
      [
        0.6456940472126007,
        0.5545431822538376
      ],
      [
        0.5947586297988892,
        0.5567139983177185
      ],
      [
        0.5094783306121826,
        0.4253602623939514
      ],
      [
        0.6526771485805511,
        0.531853511929512
      ],
      [
        0.6692264080047607,
        0.5414145439863205
      ],
      [
        0.6042104065418243,
        0.5374012589454651
      ],
      [
        0.5859608352184296,
        0.5273007154464722
      ]
    ],
    "interpretation": "정면 응시율이 낮으나 청중 중심 발표로 해석 가능"
  },
  "posture": {
    "stability": 0.794,
    "sigma": {
      "x": 0.0583,
      "y": 0.0528
    },
    "roll_mean": 4.26,
    "interpretation": "자세 안정성이 높고 상체 균형이 유지됨"
  },
  "gesture": {
    "motion_energy": 0.0276,
    "evaluation": "조정 필요",
    "interpretation": "0.15~0.35면 자연스러운 제스처 빈도 (Mehrabian, 1972)"
  },
  "hand": {
    "visibility_ratio": 0.852,
    "movement": 0.2767,
    "evaluation": "균형",
    "interpretation": "손동작 비율 40~90%가 이상적 (Pease & Pease, 2006)"
  },
  "head_pose": {
    "roll_mean": 76.877,
    "yaw_mean": 10.024,
    "evaluation": "불균형",
    "interpretation": "Roll<5°, Yaw<15°면 시선 분배 안정적"
  }
}